{"cameraMode":{"drawMode":0,"name":"Shaded","section":"Shading Mode"},"sceneLighting":true,"audioPlay":false,"sceneViewState":{"showFog":true,"showMaterialUpdate":true,"showSkybox":true,"showFlares":true,"showImageEffects":true,"showParticleSystems":true},"in2DMode":false,"pivot":{"x":7.0000433921813969,"y":1.9890305995941163,"z":-29.20002555847168},"rotation":{"x":0.0053534540347754959,"y":0.9477371573448181,"z":-0.31860941648483279,"w":0.01592443138360977},"size":46.96565628051758,"orthographic":false}