{"count":1,"gauges":{},"self":21.607784,"total":27.2784609,"children":{"AgentResetIfDone":{"count":1251,"self":0.0350119,"total":0.0350119,"children":null},"AgentSendState":{"count":1251,"self":0.1370103,"total":0.1939728,"children":{"CollectObservations":{"count":2504,"self":0.0569625,"total":0.0569625,"children":null}}},"DecideAction":{"count":1251,"self":4.812936,"total":5.2556932,"children":{"RayPerceptionSensor.Perceive":{"count":2504,"self":0.44275719999999996,"total":0.44275719999999996,"children":null}}},"AcademyStep":{"count":1251,"self":0.0059781,"total":0.0059781,"children":null},"AgentAct":{"count":1251,"self":0.17802289999999998,"total":0.17802289999999998,"children":null}}}